姓名,账号,电话,默认地址,密码,确认密码
王小虎,123456789x,19157693934,浙江省杭州市江干区浙江工商大学钱江湾,123456789w,123456789w
张三,522429515w,18225123301,浙江省杭州市江干区浙江工商大学钱江湾生活区20幢,123456w,123456w
李四,123456w,18115230012,浙江省杭州市江干区浙江工商大学钱江湾生活区29幢,522429515w,522429515w
王麻子,371906840w,19157695002,浙江省杭州市江干区浙江工商大学钱江湾生活区30幢,522429w,522429w
王新乐,9876543w,18225123301,浙江省杭州市江干区浙江工商大学钱江湾生活区45幢,123456w,123456w
www,9876543w,18225123301,浙江省杭州市江干区浙江工商大学钱江湾生活区45幢,123456w,123456w
王小虎,9876543,18225123301,浙江省杭州市江干区浙江工商大学钱江湾生活区45幢,123456w,123456w
王小虎,9876543w,1822512330,浙江省杭州市江干区浙江工商大学钱江湾生活区45幢,123456w,123456w
王小虎,9876543w,18225123301,浙江省杭州市江干区浙江工商大学钱江湾生活区45幢,123456,123456
王小虎,9876543w,18225123301,浙江省杭州市江干区浙江工商大学钱江湾生活区45幢,123456w,123456
